23590	Cryo-EM structure of the human nucleosome core particle
23591	Cryo-EM structure of the human nucleosome core particle
23592	Cryo-EM structure of the human nucleosome core particle
7lya	Cryo-EM structure of the human nucleosome core particle
7lyb	Cryo-EM structure of the human nucleosome core particle
7lyc	Cryo-EM structure of the human nucleosome core particle

30264	Structure of Mumps virus nucleocapsid
30265	Structure of Mumps virus nucleocapsid
30266	Structure of Mumps virus nucleocapsid

23786	Cryo-EM structure of SARS-CoV-2 NSP15
24391	Cryo-EM structure of SARS-CoV-2 NSP15
24392	Cryo-EM structure of SARS-CoV-2 NSP15
7me0	Cryo-EM structure of SARS-CoV-2 NSP15
7rb0	Cryo-EM structure of SARS-CoV-2 NSP15
7rb2	Cryo-EM structure of SARS-CoV-2 NSP15

22278	CryoEM structure of human presequence protease
22279	CryoEM structure of human presequence protease
22280	CryoEM structure of human presequence protease
22281	CryoEM structure of human presequence protease
6xos	CryoEM structure of human presequence protease
6xot	CryoEM structure of human presequence protease
6xou	CryoEM structure of human presequence protease
6xov	CryoEM structure of human presequence protease
22282	CryoEM structure of human presequence protease
6xow	CryoEM structure of human presequence protease

22238	Cryo-EM structures reveal a multistep mechanism of Hsp90 activation by co-chaperone Aha1
22239	Cryo-EM structures reveal a multistep mechanism of Hsp90 activation by co-chaperone Aha1
22240	Cryo-EM structures reveal a multistep mechanism of Hsp90 activation by co-chaperone Aha1
22241	Cryo-EM structures reveal a multistep mechanism of Hsp90 activation by co-chaperone Aha1
22242	Cryo-EM structures reveal a multistep mechanism of Hsp90 activation by co-chaperone Aha1
22243	Cryo-EM structures reveal a multistep mechanism of Hsp90 activation by co-chaperone Aha1
22244	Cryo-EM structures reveal a multistep mechanism of Hsp90 activation by co-chaperone Aha1
6xlb	Cryo-EM structures reveal a multistep mechanism of Hsp90 activation by co-chaperone Aha1
6xlc	Cryo-EM structures reveal a multistep mechanism of Hsp90 activation by co-chaperone Aha1
6xld	Cryo-EM structures reveal a multistep mechanism of Hsp90 activation by co-chaperone Aha1
6xle	Cryo-EM structures reveal a multistep mechanism of Hsp90 activation by co-chaperone Aha1
6xlf	Cryo-EM structures reveal a multistep mechanism of Hsp90 activation by co-chaperone Aha1
6xlg	Cryo-EM structures reveal a multistep mechanism of Hsp90 activation by co-chaperone Aha1
6xlh	Cryo-EM structures reveal a multistep mechanism of Hsp90 activation by co-chaperone Aha1

31440	Cryo-EM structure of human TMEM120A
31441	Cryo-EM structure of human TMEM120A
7f3t	Cryo-EM structure of human TMEM120A
7f3u	Cryo-EM structure of human TMEM120A

31047	Cryo-EM structure of SARS-CoV-2 Spike variant
31048	Cryo-EM structure of SARS-CoV-2 Spike variant
31050	Cryo-EM structure of SARS-CoV-2 Spike variant
31051	Cryo-EM structure of SARS-CoV-2 Spike variant
31052	Cryo-EM structure of SARS-CoV-2 Spike variant
7eaz	Cryo-EM structure of SARS-CoV-2 Spike variant
7eb0	Cryo-EM structure of SARS-CoV-2 Spike variant
7eb3	Cryo-EM structure of SARS-CoV-2 Spike variant
7eb4	Cryo-EM structure of SARS-CoV-2 Spike variant
7eb5	Cryo-EM structure of SARS-CoV-2 Spike variant

30669	Cryo-EM structure of SARS-CoV-2 spike in complex with a neutralizing antibody
30670	Cryo-EM structure of SARS-CoV-2 spike in complex with a neutralizing antibody
31470	Cryo-EM structure of SARS-CoV-2 spike in complex with a neutralizing antibody
31471	Cryo-EM structure of SARS-CoV-2 spike in complex with a neutralizing antibody
7ej4	Cryo-EM structure of SARS-CoV-2 spike in complex with a neutralizing antibody
7ej5	Cryo-EM structure of SARS-CoV-2 spike in complex with a neutralizing antibody
7f62	Cryo-EM structure of SARS-CoV-2 spike in complex with a neutralizing antibody
7f63	Cryo-EM structure of SARS-CoV-2 spike in complex with a neutralizing antibody

30147	Cryo-EM structure of human VCP mutant
30148	Cryo-EM structure of human VCP mutant
30149	Cryo-EM structure of human VCP mutant
30150	Cryo-EM structure of human VCP mutant
30153	Cryo-EM structure of human VCP mutant
30154	Cryo-EM structure of human VCP mutant
7bp8	Cryo-EM structure of human VCP mutant
7bp9	Cryo-EM structure of human VCP mutant
7bpa	Cryo-EM structure of human VCP mutant
7bpb	Cryo-EM structure of human VCP mutant

23900	Escherichia coli RNA polymerase elongation complex
23901	Escherichia coli RNA polymerase elongation complex
23902	Escherichia coli RNA polymerase elongation complex
23903	Escherichia coli RNA polymerase elongation complex
7mkn	Escherichia coli RNA polymerase elongation complex
7mko	Escherichia coli RNA polymerase elongation complex
7mkp	Escherichia coli RNA polymerase elongation complex
7mkq	Escherichia coli RNA polymerase elongation complex

31083	cryo-EM structure of Streptavidin
31084	cryo-EM structure of Streptavidin
7efd	cryo-EM structure of Streptavidin
7efc	cryo-EM structure of Streptavidin

12306	human mitochondrial LONP1
12307	human mitochondrial LONP1
12308	human mitochondrial LONP1
12312	human mitochondrial LONP1
12313	human mitochondrial LONP1
12315	human mitochondrial LONP1
12316	human mitochondrial LONP1
12317	human mitochondrial LONP1
7ng4	human mitochondrial LONP1
7ng5	human mitochondrial LONP1
7nfy	human mitochondrial LONP1
7ngc	human mitochondrial LONP1
7ngf	human mitochondrial LONP1
7ngl	human mitochondrial LONP1
7ngp	human mitochondrial LONP1
7ngq	human mitochondrial LONP1

21577	Structure of endosomal/lysosomal potassium channel TMEM175
6w8p	Structure of endosomal/lysosomal potassium channel TMEM175
21575	Structure of endosomal/lysosomal potassium channel TMEM175
6w8n	Structure of endosomal/lysosomal potassium channel TMEM175
21576	Structure of endosomal/lysosomal potassium channel TMEM175
6w8o	Structure of endosomal/lysosomal potassium channel TMEM175

6k3o	Cryo-EM structure of bacterioferritin from Streptomyces coelicolor
6k43	Cryo-EM structure of bacterioferritin from Streptomyces coelicolor
6k4m	Cryo-EM structure of bacterioferritin from Streptomyces coelicolor
9910	Cryo-EM structure of bacterioferritin from Streptomyces coelicolor
9913	Cryo-EM structure of bacterioferritin from Streptomyces coelicolor
9915	Cryo-EM structure of bacterioferritin from Streptomyces coelicolor

12082	Highly potent bispecific sybodies neutralize SARS-CoV-2
12083	Highly potent bispecific sybodies neutralize SARS-CoV-2
12084	Highly potent bispecific sybodies neutralize SARS-CoV-2
12085	Highly potent bispecific sybodies neutralize SARS-CoV-2
12086	Highly potent bispecific sybodies neutralize SARS-CoV-2
7p77	Highly potent bispecific sybodies neutralize SARS-CoV-2
7p78	Highly potent bispecific sybodies neutralize SARS-CoV-2
7p79	Highly potent bispecific sybodies neutralize SARS-CoV-2
7p7a	Highly potent bispecific sybodies neutralize SARS-CoV-2
7p7b	Highly potent bispecific sybodies neutralize SARS-CoV-2

30618	Structure of human soluble guanylate cyclase
30619	Structure of human soluble guanylate cyclase
30620	Structure of human soluble guanylate cyclase
30621	Structure of human soluble guanylate cyclase
7d9r	Structure of human soluble guanylate cyclase
7d9s	Structure of human soluble guanylate cyclase
7d9t	Structure of human soluble guanylate cyclase
7d9u	Structure of human soluble guanylate cyclase

23629	Cryo-EM structures of the HCMV pentamer bound to host receptor NRP2 and mAbs
7m22	Cryo-EM structures of the HCMV pentamer bound to host receptor NRP2 and mAbs

30952	Structure of formate-nitrite transporter from Plasmodium falciparum
30953	Structure of formate-nitrite transporter from Plasmodium falciparum
7e26	Structure of formate-nitrite transporter from Plasmodium falciparum
7e27	Structure of formate-nitrite transporter from Plasmodium falciparum

